﻿<?xml version="1.0" encoding="utf-8"?>
<?xml-stylesheet type="text/xsl" href="file:///C:/PROGRAM FILES (X86)/MICROSOFT VISUAL STUDIO 12.0/COMMON7/IDE/EXTENSIONS/MICROSOFT/ARCHITECTURE TOOLS/EXTENSIBILITY/Logging/ReverseEngineeringLog.xslt"?>
<Log xmlns="http://schemas.microsoft.com/VisualStudio/2010/CodeGen.RE.Log" Label="Code Generation/Text Transformation Log">
  <MessageClass Name="Message" Label="Message" Option="Show informational messages" />
  <MessageClass Name="Warning" Label="Warning" Option="Show warnings" />
  <MessageClass Name="Error" Label="Error" Option="Show errors" />
  <MessageClass Name="Property" Label="Property" Option="Show metadata" />
  <MessageClass Name="Diagnostic" Label="Message" Option="Show diagnostic messages" />
  <Message Timestamp="2014-04-21T13:10:09" Importance="High" Text="Reverse Engineering Started." />
  <Message Timestamp="2014-04-21T13:10:18" Importance="Diagnostic" Text="Element reverse engineered into the UML model: '2a62a01a-b7d2-4aec-bd63-372953df582d' -  (ClassifierTemplateParameter)" />
  <Message Timestamp="2014-04-21T13:10:18" Importance="Diagnostic" Text="Element reverse engineered into the UML model: 'Integer' -  (PrimitiveType)" />
  <Message Timestamp="2014-04-21T13:10:18" Importance="Diagnostic" Text="Element reverse engineered into the UML model: 'String' -  (PrimitiveType)" />
  <Message Timestamp="2014-04-21T13:10:18" Importance="Diagnostic" Text="Element reverse engineered into the UML model: 'UMLModelingProject::_140179Project' -  (Package)" />
  <Message Timestamp="2014-04-21T13:10:18" Importance="Diagnostic" Text="Element reverse engineered into the UML model: 'UMLModelingProject::_140179Project::Models' -  (Package)" />
  <Message Timestamp="2014-04-21T13:10:18" Importance="Medium" Text="Element reverse engineered into the UML model: 'UMLModelingProject::_140179Project::Models::ApplicationUser' -  (Class)" />
  <Message Timestamp="2014-04-21T13:10:18" Importance="Diagnostic" Text="Element reverse engineered into the UML model: 'UMLModelingProject::_140179Project::Models::ApplicationUser::ApplicationUser' -  (Operation)" />
  <Message Timestamp="2014-04-21T13:10:18" Importance="Diagnostic" Text="Element reverse engineered into the UML model: 'UMLModelingProject::_140179Project::Models::ApplicationUser::Email' -  (Property)" />
  <Message Timestamp="2014-04-21T13:10:18" Importance="Diagnostic" Text="Element reverse engineered into the UML model: 'UMLModelingProject::_140179Project::Models::ApplicationUser::EventModels' -  (Property)" />
  <Message Timestamp="2014-04-21T13:10:18" Importance="Diagnostic" Text="Element reverse engineered into the UML model: 'UMLModelingProject::_140179Project::Models::ApplicationUser::FirstName' -  (Property)" />
  <Message Timestamp="2014-04-21T13:10:18" Importance="Diagnostic" Text="Element reverse engineered into the UML model: 'UMLModelingProject::_140179Project::Models::ApplicationUser::LastName' -  (Property)" />
  <Message Timestamp="2014-04-21T13:10:18" Importance="Diagnostic" Text="Element reverse engineered into the UML model: 'UMLModelingProject::_140179Project::Models::ApplicationUser::UserFriends' -  (Property)" />
  <Message Timestamp="2014-04-21T13:10:18" Importance="Diagnostic" Text="Element reverse engineered into the UML model: 'UMLModelingProject::_140179Project::Models::ApplicationUser::Users' -  (Property)" />
  <Message Timestamp="2014-04-21T13:10:18" Importance="Medium" Text="Element reverse engineered into the UML model: 'UMLModelingProject::_140179Project::Models::Contribution' -  (Class)" />
  <Message Timestamp="2014-04-21T13:10:18" Importance="Diagnostic" Text="Element reverse engineered into the UML model: 'UMLModelingProject::_140179Project::Models::Contribution::Contribution' -  (Operation)" />
  <Message Timestamp="2014-04-21T13:10:18" Importance="Diagnostic" Text="Element reverse engineered into the UML model: 'UMLModelingProject::_140179Project::Models::Contribution::ContributionType' -  (Property)" />
  <Message Timestamp="2014-04-21T13:10:18" Importance="Diagnostic" Text="Element reverse engineered into the UML model: 'UMLModelingProject::_140179Project::Models::Contribution::ContributionTypeId' -  (Property)" />
  <Message Timestamp="2014-04-21T13:10:18" Importance="Diagnostic" Text="Element reverse engineered into the UML model: 'UMLModelingProject::_140179Project::Models::Contribution::EventModel' -  (Property)" />
  <Message Timestamp="2014-04-21T13:10:18" Importance="Diagnostic" Text="Element reverse engineered into the UML model: 'UMLModelingProject::_140179Project::Models::Contribution::EventModelId' -  (Property)" />
  <Message Timestamp="2014-04-21T13:10:18" Importance="Diagnostic" Text="Element reverse engineered into the UML model: 'UMLModelingProject::_140179Project::Models::Contribution::ID' -  (Property)" />
  <Message Timestamp="2014-04-21T13:10:18" Importance="Diagnostic" Text="Element reverse engineered into the UML model: 'UMLModelingProject::_140179Project::Models::Contribution::Name' -  (Property)" />
  <Message Timestamp="2014-04-21T13:10:18" Importance="Diagnostic" Text="Element reverse engineered into the UML model: 'UMLModelingProject::_140179Project::Models::Contribution::Quantity' -  (Property)" />
  <Message Timestamp="2014-04-21T13:10:18" Importance="Medium" Text="Element reverse engineered into the UML model: 'UMLModelingProject::_140179Project::Models::ContributionType' -  (Class)" />
  <Message Timestamp="2014-04-21T13:10:18" Importance="Diagnostic" Text="Element reverse engineered into the UML model: 'UMLModelingProject::_140179Project::Models::ContributionType::Contributions' -  (Property)" />
  <Message Timestamp="2014-04-21T13:10:18" Importance="Diagnostic" Text="Element reverse engineered into the UML model: 'UMLModelingProject::_140179Project::Models::ContributionType::ContributionType' -  (Operation)" />
  <Message Timestamp="2014-04-21T13:10:18" Importance="Diagnostic" Text="Element reverse engineered into the UML model: 'UMLModelingProject::_140179Project::Models::ContributionType::ID' -  (Property)" />
  <Message Timestamp="2014-04-21T13:10:18" Importance="Diagnostic" Text="Element reverse engineered into the UML model: 'UMLModelingProject::_140179Project::Models::ContributionType::name' -  (Property)" />
  <Message Timestamp="2014-04-21T13:10:18" Importance="Medium" Text="Element reverse engineered into the UML model: 'UMLModelingProject::_140179Project::Models::EventModel' -  (Class)" />
  <Message Timestamp="2014-04-21T13:10:18" Importance="Diagnostic" Text="Element reverse engineered into the UML model: 'UMLModelingProject::_140179Project::Models::EventModel::Address' -  (Property)" />
  <Message Timestamp="2014-04-21T13:10:18" Importance="Diagnostic" Text="Element reverse engineered into the UML model: 'UMLModelingProject::_140179Project::Models::EventModel::ApplicationUser' -  (Property)" />
  <Message Timestamp="2014-04-21T13:10:18" Importance="Diagnostic" Text="Element reverse engineered into the UML model: 'UMLModelingProject::_140179Project::Models::EventModel::Contributions' -  (Property)" />
  <Message Timestamp="2014-04-21T13:10:18" Importance="Diagnostic" Text="Element reverse engineered into the UML model: 'UMLModelingProject::_140179Project::Models::EventModel::DateTime' -  (Property)" />
  <Message Timestamp="2014-04-21T13:10:18" Importance="Diagnostic" Text="Element reverse engineered into the UML model: 'UMLModelingProject::_140179Project::Models::EventModel::Description' -  (Property)" />
  <Message Timestamp="2014-04-21T13:10:18" Importance="Diagnostic" Text="Element reverse engineered into the UML model: 'UMLModelingProject::_140179Project::Models::EventModel::EventModel' -  (Operation)" />
  <Message Timestamp="2014-04-21T13:10:18" Importance="Diagnostic" Text="Element reverse engineered into the UML model: 'UMLModelingProject::_140179Project::Models::EventModel::ID' -  (Property)" />
  <Message Timestamp="2014-04-21T13:10:18" Importance="Diagnostic" Text="Element reverse engineered into the UML model: 'UMLModelingProject::_140179Project::Models::EventModel::Name' -  (Property)" />
  <Message Timestamp="2014-04-21T13:10:18" Importance="Diagnostic" Text="Element reverse engineered into the UML model: 'UMLModelingProject::_140179Project::Models::EventModel::Status' -  (Property)" />
  <Message Timestamp="2014-04-21T13:10:18" Importance="Diagnostic" Text="Element reverse engineered into the UML model: 'UMLModelingProject::_140179Project::Models::EventModel::StatusId' -  (Property)" />
  <Message Timestamp="2014-04-21T13:10:18" Importance="Diagnostic" Text="Element reverse engineered into the UML model: 'UMLModelingProject::_140179Project::Models::EventModel::TypeEvent' -  (Property)" />
  <Message Timestamp="2014-04-21T13:10:18" Importance="Diagnostic" Text="Element reverse engineered into the UML model: 'UMLModelingProject::_140179Project::Models::EventModel::TypeEventId' -  (Property)" />
  <Message Timestamp="2014-04-21T13:10:18" Importance="Medium" Text="Element reverse engineered into the UML model: 'UMLModelingProject::_140179Project::Models::Relationship' -  (Class)" />
  <Message Timestamp="2014-04-21T13:10:18" Importance="Diagnostic" Text="Element reverse engineered into the UML model: 'UMLModelingProject::_140179Project::Models::Relationship::ID' -  (Property)" />
  <Message Timestamp="2014-04-21T13:10:18" Importance="Diagnostic" Text="Element reverse engineered into the UML model: 'UMLModelingProject::_140179Project::Models::Relationship::Relationship' -  (Operation)" />
  <Message Timestamp="2014-04-21T13:10:18" Importance="Diagnostic" Text="Element reverse engineered into the UML model: 'UMLModelingProject::_140179Project::Models::Relationship::User' -  (Property)" />
  <Message Timestamp="2014-04-21T13:10:18" Importance="Diagnostic" Text="Element reverse engineered into the UML model: 'UMLModelingProject::_140179Project::Models::Relationship::UserFriend' -  (Property)" />
  <Message Timestamp="2014-04-21T13:10:18" Importance="Diagnostic" Text="Element reverse engineered into the UML model: 'UMLModelingProject::_140179Project::Models::Relationship::UserFriendId' -  (Property)" />
  <Message Timestamp="2014-04-21T13:10:18" Importance="Diagnostic" Text="Element reverse engineered into the UML model: 'UMLModelingProject::_140179Project::Models::Relationship::UserId' -  (Property)" />
  <Message Timestamp="2014-04-21T13:10:18" Importance="Diagnostic" Text="Element reverse engineered into the UML model: 'UMLModelingProject::_140179Project::Models::SelectRoleEditorViewModel' -  (Class)   (partially reverse engineered - definition not updated) " />
  <Message Timestamp="2014-04-21T13:10:18" Importance="Medium" Text="Element reverse engineered into the UML model: 'UMLModelingProject::_140179Project::Models::SelectUserRolesViewModel' -  (Class)" />
  <Message Timestamp="2014-04-21T13:10:18" Importance="Diagnostic" Text="Element reverse engineered into the UML model: 'UMLModelingProject::_140179Project::Models::SelectUserRolesViewModel::FirstName' -  (Property)" />
  <Message Timestamp="2014-04-21T13:10:18" Importance="Diagnostic" Text="Element reverse engineered into the UML model: 'UMLModelingProject::_140179Project::Models::SelectUserRolesViewModel::LastName' -  (Property)" />
  <Message Timestamp="2014-04-21T13:10:18" Importance="Diagnostic" Text="Element reverse engineered into the UML model: 'UMLModelingProject::_140179Project::Models::SelectUserRolesViewModel::Roles' -  (Property)" />
  <Message Timestamp="2014-04-21T13:10:18" Importance="Diagnostic" Text="Element reverse engineered into the UML model: 'UMLModelingProject::_140179Project::Models::SelectUserRolesViewModel::SelectUserRolesViewModel' -  (Operation)" />
  <Message Timestamp="2014-04-21T13:10:18" Importance="Diagnostic" Text="Element reverse engineered into the UML model: 'UMLModelingProject::_140179Project::Models::SelectUserRolesViewModel::SelectUserRolesViewModel::user' -  (Parameter)" />
  <Message Timestamp="2014-04-21T13:10:18" Importance="Diagnostic" Text="Element reverse engineered into the UML model: 'UMLModelingProject::_140179Project::Models::SelectUserRolesViewModel::UserName' -  (Property)" />
  <Message Timestamp="2014-04-21T13:10:18" Importance="Medium" Text="Element reverse engineered into the UML model: 'UMLModelingProject::_140179Project::Models::Status' -  (Class)" />
  <Message Timestamp="2014-04-21T13:10:18" Importance="Diagnostic" Text="Element reverse engineered into the UML model: 'UMLModelingProject::_140179Project::Models::Status::EventModels' -  (Property)" />
  <Message Timestamp="2014-04-21T13:10:18" Importance="Diagnostic" Text="Element reverse engineered into the UML model: 'UMLModelingProject::_140179Project::Models::Status::ID' -  (Property)" />
  <Message Timestamp="2014-04-21T13:10:18" Importance="Diagnostic" Text="Element reverse engineered into the UML model: 'UMLModelingProject::_140179Project::Models::Status::name' -  (Property)" />
  <Message Timestamp="2014-04-21T13:10:18" Importance="Diagnostic" Text="Element reverse engineered into the UML model: 'UMLModelingProject::_140179Project::Models::Status::Status' -  (Operation)" />
  <Message Timestamp="2014-04-21T13:10:18" Importance="Medium" Text="Element reverse engineered into the UML model: 'UMLModelingProject::_140179Project::Models::TypeEvent' -  (Class)" />
  <Message Timestamp="2014-04-21T13:10:18" Importance="Diagnostic" Text="Element reverse engineered into the UML model: 'UMLModelingProject::_140179Project::Models::TypeEvent::EventModels' -  (Property)" />
  <Message Timestamp="2014-04-21T13:10:18" Importance="Diagnostic" Text="Element reverse engineered into the UML model: 'UMLModelingProject::_140179Project::Models::TypeEvent::ID' -  (Property)" />
  <Message Timestamp="2014-04-21T13:10:18" Importance="Diagnostic" Text="Element reverse engineered into the UML model: 'UMLModelingProject::_140179Project::Models::TypeEvent::TypeEvent' -  (Operation)" />
  <Message Timestamp="2014-04-21T13:10:18" Importance="Diagnostic" Text="Element reverse engineered into the UML model: 'UMLModelingProject::_140179Project::Models::TypeEvent::TypeName' -  (Property)" />
  <Message Timestamp="2014-04-21T13:10:18" Importance="Diagnostic" Text="Element reverse engineered into the UML model: 'UMLModelingProject::Microsoft' -  (Package)" />
  <Message Timestamp="2014-04-21T13:10:18" Importance="Diagnostic" Text="Element reverse engineered into the UML model: 'UMLModelingProject::Microsoft::AspNet' -  (Package)" />
  <Message Timestamp="2014-04-21T13:10:18" Importance="Diagnostic" Text="Element reverse engineered into the UML model: 'UMLModelingProject::Microsoft::AspNet::Identity' -  (Package)" />
  <Message Timestamp="2014-04-21T13:10:18" Importance="Diagnostic" Text="Element reverse engineered into the UML model: 'UMLModelingProject::Microsoft::AspNet::Identity::EntityFramework' -  (Package)" />
  <Message Timestamp="2014-04-21T13:10:18" Importance="Diagnostic" Text="Element reverse engineered into the UML model: 'UMLModelingProject::Microsoft::AspNet::Identity::EntityFramework::IdentityUser' -  (Class)   (partially reverse engineered - definition not updated) " />
  <Message Timestamp="2014-04-21T13:10:18" Importance="Diagnostic" Text="Element reverse engineered into the UML model: 'UMLModelingProject::System' -  (Package)" />
  <Message Timestamp="2014-04-21T13:10:18" Importance="Diagnostic" Text="Element reverse engineered into the UML model: 'UMLModelingProject::System::Collections' -  (Package)" />
  <Message Timestamp="2014-04-21T13:10:18" Importance="Diagnostic" Text="Element reverse engineered into the UML model: 'UMLModelingProject::System::Collections::Generic' -  (Package)" />
  <Message Timestamp="2014-04-21T13:10:18" Importance="Diagnostic" Text="Element reverse engineered into the UML model: 'UMLModelingProject::System::Collections::Generic::List' -  (Class)   (partially reverse engineered - definition not updated) " />
  <Message Timestamp="2014-04-21T13:10:18" Importance="Diagnostic" Text="Element reverse engineered into the UML model: 'UMLModelingProject::System::Collections::Generic::List&lt;Contribution‎&gt;' -  (Class)   (partially reverse engineered - definition not updated) " />
  <Message Timestamp="2014-04-21T13:10:18" Importance="Diagnostic" Text="Element reverse engineered into the UML model: 'UMLModelingProject::System::Collections::Generic::List&lt;EventModel‎&gt;' -  (Class)   (partially reverse engineered - definition not updated) " />
  <Message Timestamp="2014-04-21T13:10:18" Importance="Diagnostic" Text="Element reverse engineered into the UML model: 'UMLModelingProject::System::Collections::Generic::List&lt;Relationship‎&gt;' -  (Class)   (partially reverse engineered - definition not updated) " />
  <Message Timestamp="2014-04-21T13:10:18" Importance="Diagnostic" Text="Element reverse engineered into the UML model: 'UMLModelingProject::System::Collections::Generic::List&lt;SelectRoleEditorViewModel‎&gt;' -  (Class)   (partially reverse engineered - definition not updated) " />
  <Message Timestamp="2014-04-21T13:10:18" Importance="Diagnostic" Text="Element reverse engineered into the UML model: 'UMLModelingProject::System::DateTime' -  (Class)   (partially reverse engineered - definition not updated) " />
  <Message Timestamp="2014-04-21T13:10:18" Importance="Diagnostic" Text="Relationship reverse engineered into the UML model: UMLModelingProject::_140179Project::Models::ApplicationUser to UMLModelingProject::System::Collections::Generic::List&lt;EventModel‎&gt; (Association)" />
  <Message Timestamp="2014-04-21T13:10:18" Importance="Diagnostic" Text="Relationship reverse engineered into the UML model: UMLModelingProject::_140179Project::Models::ApplicationUser to UMLModelingProject::System::Collections::Generic::List&lt;Relationship‎&gt; (Association)" />
  <Message Timestamp="2014-04-21T13:10:18" Importance="Diagnostic" Text="Relationship reverse engineered into the UML model: UMLModelingProject::_140179Project::Models::ApplicationUser to UMLModelingProject::System::Collections::Generic::List&lt;Relationship‎&gt; (Association)" />
  <Message Timestamp="2014-04-21T13:10:18" Importance="Diagnostic" Text="Relationship reverse engineered into the UML model: UMLModelingProject::_140179Project::Models::ApplicationUser to UMLModelingProject::Microsoft::AspNet::Identity::EntityFramework::IdentityUser (Generalization)" />
  <Message Timestamp="2014-04-21T13:10:18" Importance="Diagnostic" Text="Relationship reverse engineered into the UML model: UMLModelingProject::_140179Project::Models::Contribution to UMLModelingProject::_140179Project::Models::ContributionType (Association)" />
  <Message Timestamp="2014-04-21T13:10:18" Importance="Diagnostic" Text="Relationship reverse engineered into the UML model: UMLModelingProject::_140179Project::Models::Contribution to UMLModelingProject::_140179Project::Models::EventModel (Association)" />
  <Message Timestamp="2014-04-21T13:10:18" Importance="Diagnostic" Text="Relationship reverse engineered into the UML model: UMLModelingProject::_140179Project::Models::ContributionType to UMLModelingProject::System::Collections::Generic::List&lt;Contribution‎&gt; (Association)" />
  <Message Timestamp="2014-04-21T13:10:18" Importance="Diagnostic" Text="Relationship reverse engineered into the UML model: UMLModelingProject::_140179Project::Models::EventModel to UMLModelingProject::System::DateTime (Association)" />
  <Message Timestamp="2014-04-21T13:10:18" Importance="Diagnostic" Text="Relationship reverse engineered into the UML model: UMLModelingProject::_140179Project::Models::EventModel to UMLModelingProject::_140179Project::Models::TypeEvent (Association)" />
  <Message Timestamp="2014-04-21T13:10:18" Importance="Diagnostic" Text="Relationship reverse engineered into the UML model: UMLModelingProject::_140179Project::Models::EventModel to UMLModelingProject::_140179Project::Models::Status (Association)" />
  <Message Timestamp="2014-04-21T13:10:18" Importance="Diagnostic" Text="Relationship reverse engineered into the UML model: UMLModelingProject::_140179Project::Models::EventModel to UMLModelingProject::_140179Project::Models::ApplicationUser (Association)" />
  <Message Timestamp="2014-04-21T13:10:18" Importance="Diagnostic" Text="Relationship reverse engineered into the UML model: UMLModelingProject::_140179Project::Models::EventModel to UMLModelingProject::System::Collections::Generic::List&lt;Contribution‎&gt; (Association)" />
  <Message Timestamp="2014-04-21T13:10:18" Importance="Diagnostic" Text="Relationship reverse engineered into the UML model: UMLModelingProject::_140179Project::Models::Relationship to UMLModelingProject::_140179Project::Models::ApplicationUser (Association)" />
  <Message Timestamp="2014-04-21T13:10:18" Importance="Diagnostic" Text="Relationship reverse engineered into the UML model: UMLModelingProject::_140179Project::Models::Relationship to UMLModelingProject::_140179Project::Models::ApplicationUser (Association)" />
  <Message Timestamp="2014-04-21T13:10:18" Importance="Diagnostic" Text="Relationship reverse engineered into the UML model: UMLModelingProject::_140179Project::Models::SelectUserRolesViewModel to UMLModelingProject::System::Collections::Generic::List&lt;SelectRoleEditorViewModel‎&gt; (Association)" />
  <Message Timestamp="2014-04-21T13:10:18" Importance="Diagnostic" Text="Relationship reverse engineered into the UML model: UMLModelingProject::_140179Project::Models::Status to UMLModelingProject::System::Collections::Generic::List&lt;EventModel‎&gt; (Association)" />
  <Message Timestamp="2014-04-21T13:10:18" Importance="Diagnostic" Text="Relationship reverse engineered into the UML model: UMLModelingProject::_140179Project::Models::TypeEvent to UMLModelingProject::System::Collections::Generic::List&lt;EventModel‎&gt; (Association)" />
  <Message Timestamp="2014-04-21T13:10:18" Importance="High" Text="(8) type(s) fully reverse engineered." />
  <Message Timestamp="2014-04-21T13:10:18" Importance="High" Text="(8) type(s) partially reverse engineered.  These types were not included in the original selection so their full definitions are not reverse engineered.  Instead, this shallow operation has simply ensured these types exist in the UML model because they are needed in order to fully describe other elements." />
  <Message Timestamp="2014-04-21T13:10:18" Importance="High" Text="The reverse engineering operation completed with (0) error(s), and (0) warning(s)." />
</Log>